epoch,losses_per_batch,avg_tl_batch_train,avg_tl_epoch_train,avg_tl_epoch_val
0,"[-0.8434901237487793, -0.6332102417945862, 0.13331514596939087, 2.401221990585327, 0.5170891284942627, 0.1287798434495926, 4.670011520385742, 4.641976356506348, 6.438180923461914, 2.2058920860290527, 9.668771743774414, 3.3449323177337646, 10.09428882598877, 8.688398361206055, 6.899929523468018, 10.701831817626953, 8.496940612792969, -0.014448851346969604, 11.448283195495605, 5.664283275604248, 3.586893081665039, 12.482222557067871, 11.410360336303711, 8.623760223388672, 10.095683097839355, 13.641263008117676, 15.773773193359375, 10.73491096496582, 15.666820526123047, 13.169126510620117, 6.967159271240234, 18.99710464477539]","[11.278429985046387, 11.469383239746094, 10.794939041137695, 10.8421630859375, 10.882240295410156, 10.500020027160645, 10.472627639770508, 10.343622207641602, 10.456377029418945, 10.543766975402832, 10.385393142700195, 10.538969039916992, 10.187686920166016, 9.993335723876953, 10.193693161010742, 10.153804779052734, 10.400749206542969, 10.597307205200195, 10.5597562789917, 10.724512100219727, 10.549016952514648, 9.967368125915527, 10.353870391845703, 10.196846961975098, 10.151004791259766, 10.144576072692871, 9.928232192993164, 10.297807693481445, 10.068157196044922, 10.032870292663574, 10.169599533081055, 10.11544418334961]",10.422623634338379,10.143747329711914
1,"[-9.11456298828125, -11.18303108215332, -15.36082935333252, -7.098789215087891, -8.094594955444336, -8.043668746948242, 0.039802730083465576, 0.6173354983329773, 7.556502342224121, 8.526626586914062, 10.56517505645752, 7.867794513702393, 11.621335983276367, 7.83188009262085, 11.548014640808105, 15.085947036743164, 14.620715141296387, 17.078067779541016, 13.061983108520508, 9.795585632324219, 14.881561279296875, 11.237970352172852, 17.15386199951172, 12.60869026184082, 16.14254379272461, 18.318561553955078, 15.840316772460938, 18.532142639160156, 18.340885162353516, 19.377765655517578, 21.199199676513672, 22.33803939819336]","[10.316734313964844, 10.597756385803223, 10.64588451385498, 10.480504989624023, 10.29537296295166, 10.39646053314209, 10.135845184326172, 9.901172637939453, 9.846651077270508, 9.691141128540039, 9.559686660766602, 9.635845184326172, 9.58311653137207, 9.623727798461914, 9.498176574707031, 9.379598617553711, 9.575838088989258, 9.306397438049316, 9.474504470825195, 9.453990936279297, 9.308319091796875, 9.404886245727539, 9.156723022460938, 9.309066772460938, 9.204705238342285, 9.042583465576172, 9.214622497558594, 8.958152770996094, 9.034833908081055, 8.81061840057373, 8.981239318847656, 8.778867721557617]",9.600604057312012,8.36496639251709
2,"[-5.159092903137207, -7.518787384033203, -6.90617036819458, -7.081128120422363, -6.684387683868408, -8.231380462646484, -7.607706546783447, -6.538708686828613, -6.201321601867676, -4.7916646003723145, -3.9080374240875244, -3.9671201705932617, -2.450688362121582, -3.3807215690612793, -2.989017963409424, -5.127810955047607, -3.6631274223327637, -1.632699728012085, -2.6259918212890625, -1.4592604637145996, -2.414367437362671, -1.8146045207977295, -0.9835497736930847, -0.5082284808158875, -0.45171308517456055, -0.698077380657196, -0.9299024939537048, -1.1943399906158447, 0.9431460499763489, -0.8787338137626648, 0.529803991317749, -2.6278085708618164]","[8.68017578125, 8.832998275756836, 8.784470558166504, 8.660514831542969, 8.93301773071289, 8.864809036254883, 8.768182754516602, 8.709646224975586, 8.750295639038086, 8.712479591369629, 8.524101257324219, 8.649896621704102, 8.537782669067383, 8.606398582458496, 8.378595352172852, 8.653560638427734, 8.506326675415039, 8.47890567779541, 8.528120040893555, 8.353433609008789, 8.497060775756836, 8.404830932617188, 8.418720245361328, 8.392324447631836, 8.390024185180664, 8.291194915771484, 8.34892463684082, 8.49306869506836, 8.236443519592285, 8.373825073242188, 8.18122673034668, 8.811057090759277]",8.548612594604492,8.021028518676758
3,"[-4.116367340087891, -3.3872900009155273, -3.9518332481384277, -3.2658934593200684, -3.20947265625, -3.322798490524292, -4.180556297302246, -3.1465506553649902, -3.3149800300598145, -3.7467904090881348, -2.730229616165161, -3.3291945457458496, -2.493917942047119, -3.223843812942505, -2.530773162841797, -3.0285518169403076, -2.306396961212158, -2.9591825008392334, -1.7788166999816895, -1.3469884395599365, -1.9482766389846802, -1.3971951007843018, -2.3716228008270264, -1.898374319076538, -1.8663272857666016, -2.712747097015381, -1.90691077709198, -2.118121862411499, -2.0227842330932617, -0.7724119424819946, -1.03737473487854, -2.614414930343628]","[8.392637252807617, 8.185310363769531, 8.318283081054688, 8.224906921386719, 8.275938987731934, 8.248003005981445, 8.364127159118652, 8.288142204284668, 8.30966567993164, 8.288650512695312, 8.106974601745605, 8.230755805969238, 8.150297164916992, 8.252382278442383, 8.216354370117188, 8.214888572692871, 8.18410873413086, 8.246158599853516, 8.09223747253418, 8.086732864379883, 8.220268249511719, 8.038573265075684, 8.125429153442383, 8.148174285888672, 8.168485641479492, 8.203384399414062, 8.080606460571289, 8.115675926208496, 8.240964889526367, 8.056023597717285, 8.127297401428223, 8.00719165802002]",8.198504447937012,7.763851642608643
4,"[-3.908517837524414, -3.4885096549987793, -3.654738426208496, -3.4091715812683105, -3.26261568069458, -3.8058297634124756, -2.740295886993408, -3.230742931365967, -3.632751941680908, -3.424131393432617, -3.417809247970581, -3.076597213745117, -3.4321327209472656, -3.0946133136749268, -2.8874642848968506, -2.332557201385498, -2.987755060195923, -2.749342679977417, -2.3469479084014893, -2.372217893600464, -3.2369940280914307, -3.841792106628418, -2.6793863773345947, -2.607851982116699, -1.7335071563720703, -2.9609603881835938, -4.608645439147949, -2.90773606300354, -2.609809398651123, -3.1581497192382812, -2.4831936359405518, -2.8292598724365234]","[8.036083221435547, 8.050670623779297, 8.102340698242188, 8.023012161254883, 8.078951835632324, 7.990403175354004, 8.003751754760742, 8.080713272094727, 7.982913970947266, 8.057153701782227, 7.938227653503418, 8.049788475036621, 7.963939666748047, 7.909513473510742, 7.975790500640869, 7.980379104614258, 8.043212890625, 7.978049278259277, 7.961098670959473, 7.904423236846924, 7.98699951171875, 8.116920471191406, 8.027008056640625, 7.967555046081543, 7.905247688293457, 7.942077159881592, 8.027344703674316, 8.022699356079102, 7.976036071777344, 8.02583122253418, 8.011455535888672, 7.991493225097656]",8.003759384155273,7.734037399291992
5,"[-2.585334062576294, -2.2095372676849365, -1.8237919807434082, -3.0287909507751465, -2.790365695953369, -2.7233376502990723, -2.953853130340576, -2.485214948654175, -1.8782342672348022, -2.236635208129883, -1.7595208883285522, -2.239290714263916, -1.1699638366699219, -1.9462101459503174, -2.4435176849365234, -1.9749962091445923, -2.7815160751342773, -1.984379529953003, -1.472185492515564, -1.6808019876480103, -1.242743730545044, -1.9925265312194824, -1.0729103088378906, -1.3713304996490479, -2.022998571395874, -0.6315662860870361, -0.7671241760253906, -1.653571367263794, -0.786041796207428, -1.330112338066101, -1.3243036270141602, -2.398846387863159]","[8.03712272644043, 7.982203483581543, 7.901425361633301, 7.9802165031433105, 7.984113693237305, 7.934842109680176, 8.017173767089844, 8.01095962524414, 8.011907577514648, 7.868536472320557, 7.821150779724121, 7.8293328285217285, 7.8399152755737305, 7.857990741729736, 7.922013282775879, 7.915541172027588, 7.966489791870117, 7.810436248779297, 7.917465686798096, 7.7924675941467285, 7.689118385314941, 7.822770118713379, 7.8766326904296875, 7.876902103424072, 7.928278923034668, 7.817325592041016, 7.822322845458984, 7.786317825317383, 7.839979648590088, 7.808082103729248, 7.777686595916748, 7.729620933532715]",7.884132385253906,7.552084922790527
6,"[-2.392225503921509, -2.594491958618164, -2.936654806137085, -2.2745795249938965, -1.9621421098709106, -2.4649205207824707, -2.4952199459075928, -2.4089927673339844, -1.7617084980010986, -2.240077257156372, -2.936159610748291, -2.1512084007263184, -1.4966039657592773, -2.3528475761413574, -1.298548936843872, -2.126342535018921, -2.172725200653076, -2.2740120887756348, -1.3046156167984009, -2.1122865676879883, -1.557997226715088, -2.227663516998291, -2.440329074859619, -1.8541836738586426, -1.5376120805740356, -1.9520560503005981, -1.876076340675354, -2.1278162002563477, -1.6829438209533691, -2.0915987491607666, -1.9839204549789429, -1.0091201066970825]","[7.7466254234313965, 7.765311241149902, 7.821789264678955, 7.692363739013672, 7.759166717529297, 7.742537498474121, 7.753286838531494, 7.794702053070068, 7.793881416320801, 7.785806655883789, 7.845880508422852, 7.816153526306152, 7.700346946716309, 7.729195594787598, 7.7699689865112305, 7.719128608703613, 7.72814416885376, 7.768904685974121, 7.774785995483398, 7.710061550140381, 7.661944389343262, 7.72776985168457, 7.685628890991211, 7.725405693054199, 7.847615718841553, 7.755730628967285, 7.680840492248535, 7.694631099700928, 7.623507022857666, 7.662818431854248, 7.8869853019714355, 7.7414703369140625]",7.747401714324951,7.4861063957214355
7,"[-1.7350636720657349, -2.269073724746704, -1.7249994277954102, -2.4672064781188965, -1.860391616821289, -2.42629075050354, -1.9403918981552124, -1.6874067783355713, -2.420466899871826, -2.461484909057617, -2.168196678161621, -2.1525561809539795, -2.455465316772461, -1.7307374477386475, -2.053704261779785, -1.7341349124908447, -1.8360705375671387, -1.9687762260437012, -1.4864317178726196, -1.7104095220565796, -1.9180009365081787, -1.8441959619522095, -1.2674938440322876, -1.5330896377563477, -1.7645829916000366, -1.3416075706481934, -1.7791671752929688, -1.47879958152771, -1.4832053184509277, -1.9370386600494385, -1.6478841304779053, -1.184409499168396]","[7.763637542724609, 7.648440361022949, 7.699857711791992, 7.726987838745117, 7.7525224685668945, 7.713181495666504, 7.764560699462891, 7.706023693084717, 7.732987403869629, 7.7263898849487305, 7.704638957977295, 7.665808200836182, 7.6516313552856445, 7.652952194213867, 7.5733747482299805, 7.628277778625488, 7.678607940673828, 7.60361385345459, 7.56157112121582, 7.7318949699401855, 7.665253639221191, 7.6455488204956055, 7.59196138381958, 7.629432201385498, 7.6090312004089355, 7.6370954513549805, 7.620720863342285, 7.597088813781738, 7.682140350341797, 7.620630264282227, 7.551421165466309, 7.757135391235352]",7.66325044631958,7.413517951965332
8,"[-2.1047210693359375, -2.7735023498535156, -2.08935809135437, -2.071909189224243, -1.8973031044006348, -2.4393205642700195, -2.2419381141662598, -2.29543399810791, -2.818220615386963, -1.9175649881362915, -2.123995304107666, -1.7987070083618164, -2.187694787979126, -1.6259498596191406, -1.8024959564208984, -2.145355701446533, -2.4790291786193848, -2.197087287902832, -1.8313689231872559, -1.9030743837356567, -1.530835509300232, -1.4287868738174438, -1.41957688331604, -1.7064365148544312, -1.9493911266326904, -1.3013672828674316, -1.5850002765655518, -1.3755507469177246, -1.5769342184066772, -1.3653424978256226, -1.5165786743164062, -2.009955883026123]","[7.615489959716797, 7.65502405166626, 7.697149276733398, 7.6043853759765625, 7.571407794952393, 7.644834518432617, 7.695860385894775, 7.559568405151367, 7.7617011070251465, 7.591224670410156, 7.605776786804199, 7.645163059234619, 7.578852653503418, 7.510066986083984, 7.632989406585693, 7.61204719543457, 7.728317737579346, 7.630342483520508, 7.600177764892578, 7.660429954528809, 7.623840808868408, 7.6522603034973145, 7.5823540687561035, 7.548590183258057, 7.6178483963012695, 7.568039894104004, 7.584456443786621, 7.614066123962402, 7.563490867614746, 7.5815019607543945, 7.438237190246582, 7.578731060028076]",7.611845970153809,7.3819169998168945
9,"[-1.7181024551391602, -1.1658594608306885, -2.190585136413574, -2.091250419616699, -1.9994382858276367, -1.4855713844299316, -1.9818336963653564, -2.1303298473358154, -1.903247356414795, -1.4246290922164917, -2.1357667446136475, -2.0431182384490967, -2.083737373352051, -1.7978299856185913, -1.7640550136566162, -2.0589444637298584, -1.743754267692566, -1.5250636339187622, -1.6587636470794678, -0.9817400574684143, -1.547454833984375, -1.5050768852233887, -1.336446762084961, -1.1267975568771362, -1.2772061824798584, -1.2252929210662842, -0.9677704572677612, -1.0063568353652954, -0.9050008654594421, -1.368553638458252, -1.4178171157836914, -0.1995483785867691]","[7.646162509918213, 7.549449920654297, 7.736968040466309, 7.640181541442871, 7.620037078857422, 7.495050430297852, 7.62476921081543, 7.565976142883301, 7.571666717529297, 7.477728843688965, 7.630415916442871, 7.6407318115234375, 7.571418762207031, 7.663236141204834, 7.595948219299316, 7.678411483764648, 7.520031929016113, 7.559859275817871, 7.5588226318359375, 7.493577003479004, 7.549057483673096, 7.480803489685059, 7.548051834106445, 7.563553810119629, 7.489588737487793, 7.523690223693848, 7.523353576660156, 7.444012641906738, 7.492436408996582, 7.59674072265625, 7.437410354614258, 7.605167865753174]",7.5644941329956055,7.307587623596191
10,"[-1.7026138305664062, -1.731724500656128, -2.041832447052002, -1.8991334438323975, -2.0744473934173584, -1.785631537437439, -1.4730396270751953, -2.13445782661438, -2.212834358215332, -1.4051494598388672, -1.4837572574615479, -2.409226894378662, -1.1965774297714233, -1.7127296924591064, -1.7790703773498535, -1.612624168395996, -1.0104182958602905, -1.4290506839752197, -1.4756815433502197, -1.4138386249542236, -1.649097204208374, -1.5385222434997559, -1.4455323219299316, -1.7441853284835815, -1.3229856491088867, -1.4535765647888184, -1.313050627708435, -1.2944053411483765, -1.6630311012268066, -1.296454906463623, -1.568631887435913, -1.00490403175354]","[7.516980171203613, 7.474315643310547, 7.504685401916504, 7.449225425720215, 7.467536449432373, 7.478147506713867, 7.460940837860107, 7.508152961730957, 7.447793960571289, 7.553659439086914, 7.401002883911133, 7.541889190673828, 7.511772632598877, 7.551700115203857, 7.5023651123046875, 7.489039421081543, 7.461073398590088, 7.4394989013671875, 7.504552841186523, 7.379258632659912, 7.446994304656982, 7.5299882888793945, 7.432138442993164, 7.419912815093994, 7.422547340393066, 7.4262471199035645, 7.408999919891357, 7.442779541015625, 7.431571960449219, 7.440455436706543, 7.458873271942139, 7.408956527709961]",7.467403411865234,7.234963417053223
11,"[-1.6887468099594116, -2.009408950805664, -1.738928198814392, -1.5771974325180054, -1.8639882802963257, -1.905930757522583, -1.2570655345916748, -1.7331966161727905, -1.2169556617736816, -1.119123935699463, -1.2805777788162231, -1.7104840278625488, -1.308467149734497, -1.4215950965881348, -1.4419467449188232, -1.5924396514892578, -2.0242981910705566, -1.9577850103378296, -1.877542495727539, -1.5274440050125122, -1.486687421798706, -1.7903802394866943, -1.3524129390716553, -1.4320638179779053, -1.224798321723938, -1.145674467086792, -1.3638708591461182, -1.443814754486084, -1.0101072788238525, -1.0569974184036255, -1.419295310974121, -1.0261726379394531]","[7.415987968444824, 7.526751518249512, 7.37044095993042, 7.459003925323486, 7.517510414123535, 7.453197956085205, 7.4165239334106445, 7.4039998054504395, 7.481473445892334, 7.4500627517700195, 7.458885669708252, 7.365866661071777, 7.377781867980957, 7.359045028686523, 7.51029109954834, 7.431648254394531, 7.360019683837891, 7.383595943450928, 7.393729209899902, 7.465464115142822, 7.388909339904785, 7.417544841766357, 7.460178375244141, 7.433768272399902, 7.4377031326293945, 7.36091947555542, 7.458184242248535, 7.403994083404541, 7.373576641082764, 7.373715400695801, 7.310434341430664, 7.46656608581543]",7.420379638671875,7.187470436096191
12,"[-1.6670992374420166, -1.7088923454284668, -1.3076410293579102, -1.7750741243362427, -1.5241748094558716, -1.542751669883728, -1.2062290906906128, -1.7928179502487183, -2.032925605773926, -1.579285740852356, -1.5926834344863892, -1.7430222034454346, -2.2210683822631836, -1.5566518306732178, -1.656274676322937, -1.1727325916290283, -1.054068922996521, -1.3470478057861328, -1.3171203136444092, -1.1943835020065308, -1.6083800792694092, -1.2508468627929688, -0.7812914848327637, -1.7333546876907349, -1.0969606637954712, -1.1962640285491943, -1.5659358501434326, -1.3586585521697998, -1.5028280019760132, -1.5249569416046143, -1.2490825653076172, -2.6635005474090576]","[7.4722981452941895, 7.418247222900391, 7.397452354431152, 7.417372703552246, 7.374269485473633, 7.408556938171387, 7.406596660614014, 7.419281959533691, 7.526813507080078, 7.378228187561035, 7.321628570556641, 7.421708106994629, 7.433283805847168, 7.400177001953125, 7.299042701721191, 7.335356712341309, 7.386456489562988, 7.321684837341309, 7.299393177032471, 7.32625675201416, 7.393712043762207, 7.341399669647217, 7.326949596405029, 7.372274875640869, 7.34566593170166, 7.30898904800415, 7.416659355163574, 7.39821720123291, 7.367353439331055, 7.476863861083984, 7.364036560058594, 7.4342451095581055]",7.383513450622559,7.1865553855896
13,"[-2.0484390258789062, -1.8016791343688965, -1.518904447555542, -1.1479045152664185, -1.3571252822875977, -1.334406852722168, -1.7325915098190308, -1.425973653793335, -1.2662429809570312, -1.3172261714935303, -1.5817453861236572, -1.1412692070007324, -1.6846647262573242, -2.0657999515533447, -1.566612958908081, -1.0095603466033936, -0.9954208135604858, -0.8471065759658813, -1.3284950256347656, -0.9279667735099792, -0.9745055437088013, -1.1407766342163086, -1.6079626083374023, -1.170289158821106, -1.5951502323150635, -0.9182682037353516, -0.6875963807106018, -1.4023098945617676, -1.0725889205932617, -0.876362681388855, -0.9797869324684143, -1.501028060913086]","[7.402926445007324, 7.375608444213867, 7.301451683044434, 7.355740070343018, 7.36204719543457, 7.305565357208252, 7.294044494628906, 7.302426815032959, 7.377292156219482, 7.308806419372559, 7.343592166900635, 7.382177352905273, 7.3771796226501465, 7.3351922035217285, 7.406401634216309, 7.347175598144531, 7.385785102844238, 7.326539039611816, 7.29053258895874, 7.367417335510254, 7.326285362243652, 7.408226490020752, 7.375420570373535, 7.326784133911133, 7.379417419433594, 7.301878452301025, 7.327577590942383, 7.277975082397461, 7.376059532165527, 7.351311683654785, 7.34732723236084, 7.345980644226074]",7.346645832061768,7.150086879730225
14,"[-1.29506516456604, -1.0715007781982422, -1.3135885000228882, -1.1378732919692993, -1.1641652584075928, -1.2019426822662354, -1.254906415939331, -1.506474494934082, -1.1895501613616943, -0.8343145847320557, -1.0206619501113892, -1.3818838596343994, -1.515487551689148, -0.8915473222732544, -0.8851500749588013, -0.9877297282218933, -1.0585100650787354, -0.7176551818847656, -0.9368932247161865, -0.9183144569396973, -1.013810634613037, -1.1117751598358154, -1.0379223823547363, -0.8200463056564331, -0.9036070108413696, -1.4796791076660156, -0.6017834544181824, -1.1212542057037354, -0.9916054010391235, -0.9509285688400269, -1.1262922286987305, -0.2742646634578705]","[7.368206977844238, 7.349742889404297, 7.3899383544921875, 7.292750358581543, 7.371757984161377, 7.396702766418457, 7.308231353759766, 7.325618743896484, 7.194573402404785, 7.214315414428711, 7.348421096801758, 7.371220588684082, 7.316381454467773, 7.321684837341309, 7.326571464538574, 7.254467010498047, 7.267792701721191, 7.275025367736816, 7.212035655975342, 7.183811187744141, 7.299524307250977, 7.253729820251465, 7.32478666305542, 7.2614946365356445, 7.2941179275512695, 7.194097995758057, 7.373497009277344, 7.30952262878418, 7.327683925628662, 7.350610256195068, 7.233572959899902, 7.276125907897949]",7.300189971923828,7.147253036499023
15,"[-1.358579397201538, -1.0346213579177856, -1.1590614318847656, -1.7093422412872314, -1.1324164867401123, -1.2039302587509155, -1.499121904373169, -0.7801510095596313, -0.9259277582168579, -0.9767585396766663, -1.2567691802978516, -1.0140682458877563, -1.201528787612915, -1.5666934251785278, -1.3096996545791626, -1.0302608013153076, -1.2834473848342896, -1.027329444885254, -1.2866449356079102, -1.169561743736267, -1.5555838346481323, -0.9501913785934448, -0.7694191932678223, -0.7857720851898193, -0.9853847026824951, -0.9357969164848328, -0.9967473745346069, -0.732302725315094, -1.1328799724578857, -0.8895999193191528, -1.0660083293914795, -0.6813962459564209]","[7.363772392272949, 7.233166217803955, 7.25137996673584, 7.32551908493042, 7.385997295379639, 7.350809097290039, 7.28035306930542, 7.268298625946045, 7.224628448486328, 7.2162981033325195, 7.313570976257324, 7.274088382720947, 7.336050033569336, 7.315353870391846, 7.329911231994629, 7.226618766784668, 7.215768814086914, 7.229083061218262, 7.337862014770508, 7.317238807678223, 7.264764308929443, 7.18250036239624, 7.273224830627441, 7.314092636108398, 7.357265472412109, 7.263182640075684, 7.2380876541137695, 7.240511894226074, 7.275640487670898, 7.212928771972656, 7.215573310852051, 7.176575660705566]",7.277686595916748,7.113409519195557
16,"[-1.039268970489502, -1.2014741897583008, -1.3204548358917236, -1.0595093965530396, -1.0739364624023438, -1.1230323314666748, -1.4160528182983398, -1.258976936340332, -1.2680671215057373, -1.1156301498413086, -0.6391153931617737, -0.8784563541412354, -1.3457112312316895, -1.1541962623596191, -1.219020962715149, -0.9231343269348145, -1.562180519104004, -1.6931281089782715, -0.8490209579467773, -1.0477603673934937, -0.916886568069458, -1.184898853302002, -0.9659628868103027, -0.7641922235488892, -0.9984017610549927, -0.9373387098312378, -1.124476432800293, -0.7733720541000366, -1.0148512125015259, -0.7140809893608093, -1.2296777963638306, -0.6589460372924805]","[7.253896236419678, 7.190990447998047, 7.25734806060791, 7.189565658569336, 7.289060115814209, 7.34281587600708, 7.289936065673828, 7.27878475189209, 7.281688690185547, 7.206518173217773, 7.222856521606445, 7.102761268615723, 7.244121551513672, 7.321457862854004, 7.329160213470459, 7.153059005737305, 7.294626712799072, 7.350680828094482, 7.216660976409912, 7.224719047546387, 7.212116241455078, 7.148712635040283, 7.232254981994629, 7.2191338539123535, 7.188546657562256, 7.242607116699219, 7.2578582763671875, 7.213345050811768, 7.24392557144165, 7.175717353820801, 7.207444190979004, 7.17298698425293]",7.2376203536987305,7.074090480804443
17,"[-0.8775467872619629, -0.8662112951278687, -0.8594781160354614, -1.069303035736084, -0.9740222692489624, -1.1524368524551392, -0.7934863567352295, -1.1594178676605225, -1.0809944868087769, -1.096161127090454, -1.247043251991272, -0.8691765069961548, -0.9753324389457703, -1.0442531108856201, -0.7715679407119751, -0.7234598398208618, -0.9167280197143555, -0.9566265344619751, -0.8279327750205994, -1.0556081533432007, -1.0880239009857178, -1.127875566482544, -0.9463284015655518, -0.9517110586166382, -0.6384747624397278, -0.7768951654434204, -1.3448810577392578, -1.3500328063964844, -0.8683923482894897, -1.1670286655426025, -0.8672381639480591, -0.8128973245620728]","[7.217267990112305, 7.087889194488525, 7.235518455505371, 7.140691757202148, 7.219900131225586, 7.232901573181152, 7.257072448730469, 7.278691291809082, 7.160161018371582, 7.209926605224609, 7.157201290130615, 7.23403263092041, 7.242631435394287, 7.147127151489258, 7.147109031677246, 7.243951797485352, 7.105069160461426, 7.133491039276123, 7.125696182250977, 7.216994285583496, 7.19185733795166, 7.268872261047363, 7.205791473388672, 7.210838317871094, 7.232455730438232, 7.151195526123047, 7.231432914733887, 7.160293102264404, 7.20920991897583, 7.191327095031738, 7.148336410522461, 7.0643134117126465]",7.192352771759033,7.03615140914917
18,"[-1.3988938331604004, -1.0968047380447388, -1.4588568210601807, -0.9980875849723816, -1.2172489166259766, -1.5049738883972168, -1.2490794658660889, -1.5085866451263428, -1.2214317321777344, -1.0926589965820312, -1.457484483718872, -1.2574942111968994, -1.3473976850509644, -1.3959171772003174, -1.1327667236328125, -1.460308313369751, -0.6688259840011597, -0.9461276531219482, -0.949775218963623, -1.0983872413635254, -1.0220694541931152, -1.0935012102127075, -0.837879478931427, -1.0150480270385742, -1.0665922164916992, -1.0486894845962524, -1.3230974674224854, -1.0419328212738037, -1.0045528411865234, -1.2169629335403442, -0.7708178162574768, -0.9460223913192749]","[7.349978446960449, 7.21804141998291, 7.271909713745117, 7.152176380157471, 7.285917282104492, 7.232888221740723, 7.180964469909668, 7.196389675140381, 7.249342441558838, 7.188250541687012, 7.164846897125244, 7.198871612548828, 7.141870021820068, 7.329929828643799, 7.200246810913086, 7.305061340332031, 7.194048881530762, 7.112948417663574, 7.227965354919434, 7.0949273109436035, 7.1700263023376465, 7.212862014770508, 7.213566780090332, 7.200996398925781, 7.136300086975098, 7.125973701477051, 7.191195487976074, 7.15965461730957, 7.193538665771484, 7.181870937347412, 7.136966705322266, 7.2916259765625]",7.201357841491699,7.039857864379883
19,"[-1.3336331844329834, -0.9019389748573303, -1.0096983909606934, -1.3818596601486206, -1.024043083190918, -0.9364706873893738, -1.1857035160064697, -1.4902515411376953, -0.9489479064941406, -0.7546687126159668, -0.6721058487892151, -1.198392391204834, -0.9629667401313782, -0.8803119659423828, -1.0824030637741089, -0.7876242399215698, -0.9627780914306641, -0.7503964900970459, -1.0045263767242432, -0.9188851714134216, -1.0074467658996582, -1.1494163274765015, -0.6193950772285461, -0.5964743494987488, -0.9515116810798645, -0.7832099199295044, -0.6725417971611023, -0.9503608345985413, -1.0137380361557007, -0.8581416010856628, -0.8218700885772705, -0.3964984714984894]","[7.201877117156982, 7.2232136726379395, 7.226691246032715, 7.1203765869140625, 7.155778884887695, 7.066145896911621, 7.1756696701049805, 7.206650733947754, 7.231072425842285, 7.172446250915527, 7.203041076660156, 7.290737152099609, 7.209811210632324, 7.107863426208496, 7.1674885749816895, 7.130828857421875, 7.125525951385498, 7.1475629806518555, 7.190036773681641, 7.116398811340332, 7.119699478149414, 7.170876502990723, 7.149111747741699, 7.14687967300415, 7.193340301513672, 7.1543803215026855, 7.175297737121582, 7.13804817199707, 7.117410182952881, 7.21882438659668, 7.171703338623047, 7.179347038269043]",7.168628215789795,6.9913530349731445
20,"[-1.2560856342315674, -0.9644486904144287, -0.9703845977783203, -0.9932617545127869, -0.9040684700012207, -0.9455316066741943, -1.3022520542144775, -1.2657442092895508, -1.0859267711639404, -1.1643708944320679, -1.0958757400512695, -1.210331916809082, -1.2751705646514893, -0.6100152134895325, -1.155975341796875, -0.8719369173049927, -1.1855570077896118, -0.9819662570953369, -0.8885338306427002, -0.9419873952865601, -0.9522669315338135, -0.5379257202148438, -0.8775060176849365, -0.8369503617286682, -0.9092468023300171, -0.9336843490600586, -0.8727062940597534, -1.0402462482452393, -0.9116752743721008, -1.0944864749908447, -1.1718549728393555, -1.0476839542388916]","[7.037001609802246, 7.187400817871094, 7.095818519592285, 7.097276210784912, 7.144425392150879, 7.123934268951416, 7.155420303344727, 7.127943992614746, 7.15385627746582, 7.259210586547852, 7.143404960632324, 7.174017906188965, 7.107079029083252, 7.106005668640137, 7.147266387939453, 7.158318519592285, 7.2279462814331055, 7.125810623168945, 7.155431747436523, 7.055635452270508, 7.145448207855225, 7.059092998504639, 7.095919609069824, 7.115039825439453, 7.12608528137207, 7.196704387664795, 7.058814525604248, 7.020382404327393, 7.154567718505859, 7.134536266326904, 7.163311958312988, 7.115598678588867]",7.130624771118164,6.996913433074951
21,"[-0.7620871663093567, -0.9278885722160339, -0.9149637818336487, -0.791283905506134, -0.8836691975593567, -0.9251483678817749, -0.9114066362380981, -0.5615606307983398, -1.0612196922302246, -0.7999314069747925, -0.9189395904541016, -1.2476112842559814, -0.8538422584533691, -1.0200238227844238, -0.9437426328659058, -0.6643098592758179, -0.7294204831123352, -0.7666204571723938, -0.8716273903846741, -1.0883538722991943, -0.8162802457809448, -0.6541833877563477, -0.7844333052635193, -0.6447992920875549, -1.0188443660736084, -0.7564001083374023, -0.8366285562515259, -0.6804548501968384, -0.8289531469345093, -0.625565767288208, -0.8651652336120605, -0.6336829662322998]","[7.092782020568848, 7.073885917663574, 7.154024124145508, 7.1410231590271, 7.117192268371582, 7.127703666687012, 7.195650100708008, 7.115086078643799, 7.1400370597839355, 7.0736403465271, 7.206181049346924, 7.111520290374756, 7.0594162940979, 7.0776686668396, 7.080592155456543, 7.111139297485352, 7.075156211853027, 7.136828422546387, 7.05606746673584, 7.103880405426025, 7.052791595458984, 7.034992694854736, 7.149994850158691, 7.048367500305176, 7.105784893035889, 7.127838134765625, 7.092894554138184, 7.0873212814331055, 7.103940010070801, 7.069451808929443, 7.1410813331604, 7.052732467651367]",7.104867935180664,6.957277297973633
22,"[-0.9212981462478638, -0.9473522901535034, -0.9025965929031372, -1.0312749147415161, -1.0621488094329834, -0.8203816413879395, -1.2515785694122314, -1.0786845684051514, -0.872186541557312, -1.3971202373504639, -1.3354291915893555, -0.9817460775375366, -0.9179381132125854, -1.2121374607086182, -1.561554193496704, -0.8888870477676392, -1.077336311340332, -1.056952953338623, -0.8586515188217163, -0.9476600885391235, -1.014757752418518, -0.8819137215614319, -1.0918965339660645, -1.0144438743591309, -0.8745231032371521, -0.9934708476066589, -0.8254972696304321, -1.1148724555969238, -0.9998677968978882, -0.9259174466133118, -0.8388959169387817, -1.3823237419128418]","[7.056700229644775, 7.142730236053467, 7.0655951499938965, 7.054816246032715, 7.107609748840332, 7.115819454193115, 7.106328010559082, 7.160468101501465, 7.101344108581543, 7.0845866203308105, 7.108432769775391, 7.124025344848633, 7.133391857147217, 7.123088836669922, 7.147306442260742, 7.082385063171387, 7.08272647857666, 7.0807576179504395, 7.089016914367676, 7.111844062805176, 7.04607629776001, 7.195016860961914, 7.113962173461914, 7.00033712387085, 7.025816917419434, 7.097458839416504, 7.059314727783203, 7.102331638336182, 7.146004676818848, 7.006457328796387, 7.0452399253845215, 7.001198768615723]",7.093353748321533,6.980978012084961
23,"[-1.0655146837234497, -0.91661137342453, -0.7880896329879761, -1.331244707107544, -1.2284560203552246, -1.0580809116363525, -1.0404967069625854, -1.022900104522705, -0.9530354142189026, -0.9705550074577332, -0.9909734725952148, -1.131294846534729, -1.1500574350357056, -0.6638882160186768, -1.0846703052520752, -1.1574844121932983, -0.9869553446769714, -1.1457810401916504, -1.0176811218261719, -0.6536104679107666, -0.9977093935012817, -1.0394692420959473, -0.8124494552612305, -0.48841094970703125, -0.9156749248504639, -0.8119354248046875, -0.5367183685302734, -0.6228528618812561, -0.4242684841156006, -0.8916540145874023, -1.0609090328216553, -0.627325177192688]","[7.114222526550293, 7.093301296234131, 7.029074668884277, 7.15450382232666, 7.13100528717041, 7.211419105529785, 7.092469215393066, 7.043984889984131, 7.092195510864258, 7.036078929901123, 7.130573272705078, 7.179134368896484, 7.040797233581543, 7.187124252319336, 7.05606746673584, 7.1722412109375, 7.123261451721191, 7.098240852355957, 7.088125228881836, 7.079949378967285, 7.128034591674805, 7.098340034484863, 7.121366500854492, 7.072737693786621, 7.112256050109863, 7.067263603210449, 7.038146495819092, 7.13951301574707, 6.999508857727051, 7.064906120300293, 7.075984954833984, 7.246391773223877]",7.100269794464111,6.964231014251709
24,"[-1.19525146484375, -1.1903420686721802, -1.0400738716125488, -0.9320272207260132, -0.916273295879364, -0.725543200969696, -0.8902961611747742, -1.0825738906860352, -0.8618137836456299, -0.9456952214241028, -1.0598044395446777, -1.1271567344665527, -0.7548843622207642, -0.7312633991241455, -0.7402690649032593, -1.2100613117218018, -0.7941209077835083, -0.9074573516845703, -1.1436814069747925, -1.0155959129333496, -0.9337571263313293, -0.9746437668800354, -1.294857382774353, -0.9951629638671875, -0.6989821195602417, -0.6723922491073608, -0.777299702167511, -0.8054586052894592, -0.6872304081916809, -0.7754749655723572, -0.9817262887954712, -0.8204059600830078]","[7.177867889404297, 7.095623970031738, 7.1015706062316895, 7.092486381530762, 7.034482479095459, 7.077267169952393, 6.978382110595703, 7.086565017700195, 7.1214447021484375, 7.001542568206787, 7.146007537841797, 7.030862808227539, 7.064661979675293, 7.073553085327148, 7.061829566955566, 7.1781721115112305, 7.000734329223633, 7.056961536407471, 7.152714729309082, 6.994141578674316, 7.101036071777344, 7.061123847961426, 7.058881759643555, 6.993171691894531, 7.028378963470459, 7.073620796203613, 7.06132698059082, 7.142009258270264, 6.998912811279297, 7.069180011749268, 7.148579120635986, 6.994802474975586]",7.072377681732178,6.925195217132568
25,"[-0.8233503103256226, -0.5788960456848145, -0.8343003988265991, -0.7042995691299438, -1.2352532148361206, -0.7485681176185608, -0.9611467123031616, -0.6975198984146118, -1.0874874591827393, -0.8320034742355347, -0.44898661971092224, -1.2787895202636719, -0.9239789247512817, -0.6660988330841064, -0.5455555319786072, -0.7423597574234009, -0.5746463537216187, -0.7658882141113281, -0.9344987869262695, -0.7205576300621033, -0.7937405705451965, -0.6774947643280029, -0.9085003137588501, -0.8205262422561646, -0.6300977468490601, -1.02491295337677, -0.8195427656173706, -0.7115107774734497, -0.8133366107940674, -0.6721153259277344, -0.849948525428772, -1.009517788887024]","[7.020207405090332, 7.091152667999268, 7.045883655548096, 7.099424839019775, 7.052536964416504, 7.136972904205322, 7.106863021850586, 7.046995162963867, 7.060920715332031, 7.046982765197754, 7.05639123916626, 7.003098487854004, 7.100422382354736, 7.095241069793701, 7.02356481552124, 6.999141693115234, 7.131211757659912, 7.028474807739258, 7.047747611999512, 7.139523506164551, 7.033897399902344, 7.135683536529541, 7.11768913269043, 7.045249938964844, 7.101630210876465, 7.032373905181885, 7.138513565063477, 7.046946048736572, 7.08560037612915, 6.970772743225098, 6.992236137390137, 7.059298515319824]",7.065541744232178,6.911616325378418
26,"[-0.7176700234413147, -0.9549790024757385, -0.6560572385787964, -0.6621747016906738, -0.9417785406112671, -0.7872143983840942, -0.8087533712387085, -0.9150137901306152, -0.6856510639190674, -0.4896307587623596, -0.8014629483222961, -1.143772006034851, -1.0346643924713135, -1.0731122493743896, -1.0050960779190063, -1.20509934425354, -1.0100221633911133, -1.0338757038116455, -0.9854231476783752, -0.9735902547836304, -0.9988754391670227, -0.701490044593811, -0.808179497718811, -0.8530760407447815, -0.8022839426994324, -0.7279646396636963, -0.8599501252174377, -0.7365814447402954, -0.558219850063324, -0.724079430103302, -0.8676977157592773, -0.6352890133857727]","[7.0570268630981445, 7.091561317443848, 7.003279685974121, 6.992807388305664, 7.088673114776611, 7.059520721435547, 7.21433687210083, 6.991829872131348, 7.08484411239624, 7.005273818969727, 7.002124786376953, 7.077951431274414, 7.028761863708496, 7.059593200683594, 7.047224998474121, 7.007737159729004, 7.006098747253418, 7.070947647094727, 7.102844715118408, 7.008535861968994, 7.019740104675293, 7.060355186462402, 7.021098613739014, 7.0615010261535645, 7.059914588928223, 7.069169998168945, 7.036580562591553, 7.053543567657471, 6.913349151611328, 7.06572151184082, 6.994780540466309, 7.071172714233398]",7.043984889984131,6.888664245605469
27,"[-1.1332578659057617, -1.0291181802749634, -1.1027947664260864, -0.6339175701141357, -0.7076190710067749, -1.1171869039535522, -1.0420551300048828, -0.8663573265075684, -0.9381082057952881, -1.1236934661865234, -0.9805302023887634, -1.280786156654358, -1.2571234703063965, -0.9687620401382446, -0.9806171655654907, -0.5776131749153137, -1.1927807331085205, -1.0202243328094482, -1.049066424369812, -0.7769173979759216, -0.8054096698760986, -0.9501903057098389, -0.779425323009491, -1.106123924255371, -0.9503589272499084, -0.6590402126312256, -0.5686537027359009, -0.7880667448043823, -0.5839250087738037, -0.8561892509460449, -0.9557689428329468, -0.5141773819923401]","[7.018537998199463, 7.052633285522461, 7.025176048278809, 6.957998275756836, 7.005620002746582, 7.064579963684082, 7.037102699279785, 7.049861907958984, 6.9794464111328125, 7.044670581817627, 7.0555853843688965, 7.082317352294922, 7.042372226715088, 7.004683971405029, 7.070803165435791, 6.9776787757873535, 7.008020877838135, 7.0197601318359375, 7.056339263916016, 7.082119941711426, 7.012630462646484, 7.0672454833984375, 7.0302886962890625, 7.074801445007324, 6.951297283172607, 6.978908061981201, 7.014621257781982, 7.000316143035889, 7.020316123962402, 7.015406608581543, 7.0500688552856445, 7.030237197875977]",7.027480602264404,6.900580406188965
28,"[-0.9247473478317261, -0.7105063796043396, -0.8347772359848022, -0.9226219654083252, -0.8118265867233276, -0.9635609984397888, -0.8800528049468994, -0.993668794631958, -1.2410787343978882, -0.8525822162628174, -0.9487212300300598, -0.6099022626876831, -0.7358608245849609, -0.6999025344848633, -0.7113800644874573, -0.937519907951355, -0.9243559837341309, -1.1775810718536377, -0.7471303939819336, -0.7686826586723328, -0.6743752956390381, -0.7035821080207825, -0.9097539186477661, -0.6639624834060669, -0.856777548789978, -1.253359317779541, -1.0939815044403076, -0.6012851595878601, -1.0458858013153076, -0.6491647958755493, -0.9755523204803467, -0.9461193084716797]","[7.086935043334961, 6.97073221206665, 7.079601764678955, 7.03846549987793, 6.9470014572143555, 6.990889549255371, 6.953266620635986, 7.024007797241211, 7.102214336395264, 6.970139503479004, 7.134347915649414, 6.92458438873291, 7.039785861968994, 7.029692649841309, 7.003934860229492, 7.030013084411621, 7.0102996826171875, 6.987420558929443, 7.040325164794922, 7.029882431030273, 6.9300127029418945, 6.958898544311523, 7.031421661376953, 6.925261497497559, 7.040641784667969, 7.041164875030518, 6.969840049743652, 6.972587585449219, 7.09636926651001, 6.998707294464111, 6.994651794433594, 6.9640398025512695]",7.011011600494385,6.879313945770264
29,"[-0.8466141223907471, -0.6686972379684448, -0.9573274254798889, -0.9445061683654785, -0.7317596673965454, -0.9330020546913147, -1.114919900894165, -1.00944185256958, -0.8128668069839478, -0.8712700605392456, -0.9944155216217041, -0.9255303144454956, -1.1112229824066162, -1.1424527168273926, -0.7012328505516052, -0.8351705074310303, -0.7810676097869873, -0.8072022199630737, -1.0873082876205444, -0.9711830019950867, -0.888944149017334, -1.1743342876434326, -1.0897760391235352, -0.8877360224723816, -0.9260269403457642, -0.7895733118057251, -1.0706640481948853, -1.0282490253448486, -0.6907773613929749, -0.9193623065948486, -0.6525546312332153, -0.9770369529724121]","[6.981709957122803, 6.9677557945251465, 6.984647750854492, 7.015876770019531, 7.011798858642578, 7.010156631469727, 7.027654647827148, 7.0023651123046875, 6.996639251708984, 7.019170761108398, 6.993044376373291, 6.923772811889648, 6.956276893615723, 7.0113677978515625, 6.916939735412598, 7.0399861335754395, 6.979771614074707, 6.960907936096191, 6.976210594177246, 7.040727615356445, 6.991379737854004, 7.084892272949219, 6.978064060211182, 7.07171106338501, 7.026819705963135, 7.041286945343018, 6.9949445724487305, 7.074440956115723, 7.014216899871826, 7.032705307006836, 7.052587509155273, 6.780601501464844]",7.003999710083008,6.899672031402588
30,"[-0.9282398223876953, -0.8826857805252075, -0.8169106245040894, -0.8417789936065674, -0.9026632308959961, -0.6975501775741577, -0.8811051845550537, -0.9824520349502563, -0.8148157596588135, -1.3436667919158936, -0.878075361251831, -0.7246377468109131, -0.9255678653717041, -0.9327347874641418, -0.8307963609695435, -0.8589441180229187, -0.5701611638069153, -0.821158766746521, -0.5997960567474365, -0.5603324770927429, -1.1177310943603516, -1.0571435689926147, -0.8412833213806152, -0.600138783454895, -0.8376582860946655, -0.9383062124252319, -0.774063766002655, -0.8862469792366028, -0.6811147928237915, -1.09945809841156, -1.0364619493484497, -0.8229197859764099]","[7.024748802185059, 6.968035697937012, 6.940042495727539, 7.003230571746826, 6.949243545532227, 7.107538223266602, 6.95506477355957, 7.02108907699585, 6.957943916320801, 7.043437957763672, 7.00762939453125, 7.023316860198975, 7.061248302459717, 6.983082294464111, 7.031022071838379, 7.025800704956055, 6.999837875366211, 7.006258010864258, 6.938766956329346, 6.973994255065918, 6.997550964355469, 7.071552276611328, 7.0233588218688965, 6.906749248504639, 7.023138523101807, 7.018017768859863, 7.0170440673828125, 7.028419494628906, 6.981916427612305, 7.037961959838867, 7.014568328857422, 7.0242919921875]",7.004725933074951,6.87484073638916
31,"[-0.90317702293396, -0.7702049016952515, -0.6726546287536621, -1.2297656536102295, -0.8727304339408875, -0.675872266292572, -1.053832769393921, -0.8647098541259766, -0.8175369501113892, -0.9121121764183044, -0.8141443133354187, -0.7911229133605957, -1.1274677515029907, -1.1687898635864258, -1.1300657987594604, -1.144814372062683, -0.8192437887191772, -0.7551374435424805, -0.8745115995407104, -0.6873664855957031, -0.7669574618339539, -0.6753395795822144, -0.540757417678833, -0.614809513092041, -0.7054093480110168, -1.1696233749389648, -0.8967150449752808, -0.6108415126800537, -1.0533058643341064, -0.5805689692497253, -0.7837604880332947, -0.61826491355896]","[7.0043745040893555, 6.898467540740967, 6.975821495056152, 7.050711154937744, 7.072695732116699, 6.891890048980713, 6.966402053833008, 6.9785261154174805, 6.939579486846924, 6.992771148681641, 6.969326496124268, 6.989454746246338, 6.923102855682373, 6.957095146179199, 7.034704685211182, 6.997527122497559, 6.980648517608643, 6.897939682006836, 6.903138160705566, 6.966832160949707, 7.04194450378418, 6.9400105476379395, 6.94963264465332, 6.975032329559326, 6.906711578369141, 7.069341659545898, 6.938194274902344, 6.956880569458008, 6.942939758300781, 6.911372184753418, 6.978429794311523, 6.880166053771973]",6.967089653015137,6.815706253051758
32,"[-0.8410730361938477, -0.9249935746192932, -0.7423392534255981, -0.8842279314994812, -0.6248617768287659, -0.5283077955245972, -0.9488495588302612, -0.9745209813117981, -0.9000107645988464, -1.0429425239562988, -0.5728989243507385, -0.8161293268203735, -1.0700416564941406, -0.8345325589179993, -0.7579317688941956, -1.1228647232055664, -0.9315766096115112, -0.8303476572036743, -0.8958543539047241, -0.7602109909057617, -0.9203815460205078, -1.0348057746887207, -1.1888036727905273, -1.0649216175079346, -0.6343936920166016, -0.963507890701294, -1.0000884532928467, -0.8320542573928833, -1.2179749011993408, -0.7560417056083679, -0.9798163771629333, -0.7396534085273743]","[6.927112579345703, 6.977651596069336, 6.9803924560546875, 6.939219951629639, 6.885809898376465, 6.960244178771973, 6.932310104370117, 6.967683792114258, 6.968114376068115, 7.077096939086914, 7.016673564910889, 6.908906936645508, 6.9978766441345215, 7.053353786468506, 6.950463771820068, 6.991996765136719, 6.891598701477051, 6.976107597351074, 6.949951648712158, 6.968559265136719, 6.9634690284729, 6.935770034790039, 6.96122407913208, 7.022473335266113, 6.939165115356445, 6.944604396820068, 7.059976577758789, 6.953256607055664, 7.063991069793701, 7.012285232543945, 6.888910293579102, 6.954310417175293]",6.969754695892334,6.845757961273193
33,"[-0.7552947998046875, -0.894472599029541, -0.5702776312828064, -1.0562794208526611, -0.9777395725250244, -0.9868898987770081, -0.7187084555625916, -0.7486670017242432, -0.3771558701992035, -0.7869259119033813, -0.8309075832366943, -1.039452314376831, -0.8370119333267212, -0.8716614842414856, -1.0192251205444336, -0.7220144271850586, -0.8206602334976196, -0.5407583117485046, -0.5355300903320312, -0.6358691453933716, -0.9337067604064941, -0.7957289218902588, -0.9531220197677612, -0.6575290560722351, -0.7927119731903076, -0.7962954044342041, -0.8883033990859985, -0.6253712177276611, -0.6178691983222961, -0.6713812351226807, -0.6560754179954529, -1.0355712175369263]","[6.914855003356934, 6.873741149902344, 6.901871681213379, 6.940939426422119, 6.919332504272461, 7.0008697509765625, 6.9111199378967285, 6.966470241546631, 6.905337333679199, 6.944901466369629, 6.971657752990723, 6.966458320617676, 6.8646345138549805, 6.894049644470215, 6.970500946044922, 6.945990562438965, 6.910336971282959, 6.889266014099121, 6.835027694702148, 6.980170249938965, 7.003521919250488, 6.943809509277344, 6.94838809967041, 6.928051471710205, 6.983919143676758, 6.992156982421875, 6.978865623474121, 6.867580413818359, 6.900747299194336, 6.95606803894043, 6.900197982788086, 6.927102088928223]",6.932563781738281,6.822640419006348
34,"[-0.8775573968887329, -0.7186999320983887, -0.968431293964386, -0.6842545866966248, -0.8631353974342346, -0.6412081122398376, -0.863376796245575, -0.6157618761062622, -0.5114055871963501, -0.7449972629547119, -0.8188403844833374, -0.5971210598945618, -0.6262322664260864, -0.7382948994636536, -0.44065478444099426, -0.8974649906158447, -0.810525119304657, -0.8185113072395325, -0.7265348434448242, -0.636921763420105, -0.604749858379364, -0.6096107363700867, -0.8613379001617432, -0.7200808525085449, -0.7620746493339539, -0.7266052961349487, -0.6761932969093323, -0.7723705172538757, -0.5417330265045166, -0.7100428938865662, -0.6998273134231567, -0.4404141902923584]","[6.965299606323242, 6.943352222442627, 6.984827995300293, 7.002635955810547, 7.005720138549805, 6.856497764587402, 6.89852237701416, 6.969947814941406, 6.947361946105957, 6.932833194732666, 6.917654037475586, 6.914612293243408, 6.849295139312744, 6.968340873718262, 6.873600006103516, 6.932537078857422, 6.955620765686035, 6.947779655456543, 6.979498386383057, 6.946834564208984, 6.895251750946045, 6.891018390655518, 6.923520565032959, 6.954802513122559, 6.897550582885742, 6.938073635101318, 6.87559175491333, 6.928348064422607, 6.945046424865723, 6.893975257873535, 6.890079498291016, 6.8714189529418945]",6.9294047355651855,6.815451622009277
35,"[-0.766903817653656, -0.5603513717651367, -1.197509765625, -0.9049939513206482, -0.61098313331604, -0.7970676422119141, -0.8075722455978394, -0.9410907030105591, -0.7551392912864685, -0.897861123085022, -0.5469304919242859, -0.8790541887283325, -0.8654062151908875, -0.7732101678848267, -0.9060890078544617, -0.817400336265564, -0.6480832695960999, -1.052916169166565, -0.8871788382530212, -0.9804083108901978, -0.5768626928329468, -0.8500118851661682, -0.700706958770752, -0.757726788520813, -0.8866829872131348, -1.0648475885391235, -0.9909215569496155, -0.5695383548736572, -0.48752015829086304, -0.8500099182128906, -0.7054194211959839, -0.6174773573875427]","[6.872807502746582, 6.81027889251709, 7.008678436279297, 6.89725399017334, 6.90103816986084, 6.886989593505859, 6.947237968444824, 6.961444854736328, 6.8499298095703125, 6.9489922523498535, 6.935509204864502, 6.923255443572998, 6.9509429931640625, 6.8969244956970215, 6.874022483825684, 6.876248359680176, 6.960202693939209, 6.9797749519348145, 6.9534807205200195, 6.922043800354004, 6.8790202140808105, 6.929032325744629, 6.937355041503906, 6.914066314697266, 6.919346809387207, 6.938597679138184, 6.844756603240967, 6.978104591369629, 6.8797736167907715, 6.935886383056641, 6.936152458190918, 6.802651882171631]",6.916794300079346,6.781050205230713
36,"[-0.5792108774185181, -0.9421091079711914, -0.75455242395401, -0.962417483329773, -0.9832597374916077, -1.045903205871582, -0.9179282188415527, -0.9072989821434021, -1.1215598583221436, -0.7741126418113708, -0.7763499021530151, -0.9191387891769409, -0.6159456372261047, -1.0845770835876465, -0.6235486268997192, -0.6679293513298035, -0.5971640348434448, -0.8702086806297302, -0.890864372253418, -0.6337814331054688, -0.9776349067687988, -0.7615017890930176, -0.7146816253662109, -0.5469422340393066, -0.6774955987930298, -0.6978937387466431, -0.518826961517334, -0.7829703092575073, -0.7475693225860596, -0.9021503925323486, -1.00371515750885, -0.6362459659576416]","[6.933551788330078, 6.929662704467773, 6.928123474121094, 6.913092613220215, 6.842430114746094, 6.992161750793457, 6.91956901550293, 6.874691486358643, 6.975014686584473, 6.881032466888428, 6.94642448425293, 6.933684825897217, 6.859213352203369, 6.970574378967285, 6.923390865325928, 6.890610694885254, 6.944565773010254, 6.961794853210449, 6.875981330871582, 6.927138328552246, 6.902698993682861, 6.868404865264893, 6.890263557434082, 6.97445011138916, 6.974203109741211, 6.909532070159912, 6.869345664978027, 6.877472877502441, 6.901769161224365, 6.87139892578125, 6.972750663757324, 6.81576681137085]",6.916446685791016,6.78019380569458
37,"[-0.8074960112571716, -0.2521015405654907, -0.9325025081634521, -0.8357764482498169, -0.7505629062652588, -0.7484955191612244, -0.6409333348274231, -0.8577538728713989, -0.963660717010498, -0.5396145582199097, -0.8784352540969849, -1.058591365814209, -0.897449254989624, -0.7991586923599243, -0.6488327383995056, -0.6971718072891235, -0.6670286655426025, -1.092162847518921, -0.5923289656639099, -0.7482128143310547, -0.7956374883651733, -0.19486461579799652, -0.615588903427124, -0.7872133255004883, -0.7333688735961914, -0.884490966796875, -0.6986327171325684, -0.9998492002487183, -0.6240230202674866, -0.8163172602653503, -1.1406075954437256, -0.9233770966529846]","[7.003851413726807, 6.892573356628418, 6.881711006164551, 6.8858418464660645, 6.895569801330566, 6.894618034362793, 6.81380558013916, 6.8625078201293945, 6.891786575317383, 6.871669769287109, 6.92262077331543, 6.885946273803711, 6.9095964431762695, 6.951324462890625, 6.91105842590332, 6.94066858291626, 6.936078071594238, 6.945060729980469, 6.898651123046875, 6.913187026977539, 6.840915203094482, 6.822349548339844, 6.919188976287842, 6.943143844604492, 6.8389458656311035, 6.898916721343994, 6.883607864379883, 6.88596773147583, 6.881602764129639, 6.955526351928711, 7.015637397766113, 7.015591144561768]",6.903931140899658,6.7756242752075195
38,"[-0.5615119934082031, -0.6963642835617065, -0.9144498109817505, -0.7232999801635742, -0.7299709320068359, -0.9546778202056885, -0.3848613500595093, -0.7556260824203491, -0.6006087064743042, -0.9312130212783813, -0.5119404792785645, -0.8823760151863098, -0.7705588936805725, -0.6450154781341553, -0.8364436626434326, -0.6522445678710938, -0.815415620803833, -0.6255466938018799, -0.5698624849319458, -0.7892287969589233, -0.55910325050354, -0.6852707862854004, -0.47268354892730713, -0.6033796072006226, -0.9642722010612488, -0.7937419414520264, -0.48847395181655884, -0.7518337965011597, -0.7754420042037964, -0.7577340006828308, -0.8276028633117676, -0.9118176698684692]","[6.88979434967041, 6.893796920776367, 6.954176902770996, 6.993990898132324, 6.897445201873779, 6.93503475189209, 6.872126579284668, 6.889384746551514, 6.834757328033447, 6.888331890106201, 6.9073381423950195, 6.921564102172852, 6.917109489440918, 6.850262641906738, 6.82351016998291, 6.883367538452148, 6.874871253967285, 6.923023223876953, 6.8544745445251465, 6.925725936889648, 6.918837547302246, 6.860220909118652, 6.882038116455078, 6.919840335845947, 6.948513031005859, 6.863987922668457, 6.825878143310547, 6.896470069885254, 6.851792812347412, 6.858531951904297, 6.830195426940918, 7.002648830413818]",6.890786647796631,6.764857769012451
39,"[-0.7952464818954468, -0.9109328985214233, -0.8653589487075806, -1.0539835691452026, -0.6142883896827698, -0.974686324596405, -1.1374202966690063, -0.9110828638076782, -0.8915998935699463, -1.0327389240264893, -0.922906756401062, -0.9073421955108643, -0.6680542230606079, -1.0099934339523315, -0.6837807893753052, -0.7572616338729858, -0.8537013530731201, -0.8409457206726074, -0.7530640959739685, -0.7193090915679932, -1.021570086479187, -0.6267910003662109, -0.7166835069656372, -0.8570195436477661, -0.7628741264343262, -0.6632009744644165, -0.826054573059082, -0.7369767427444458, -0.6013697385787964, -0.6586147546768188, -1.063631296157837, -0.5094851851463318]","[6.820279121398926, 6.865715980529785, 6.849207878112793, 6.8983964920043945, 6.938170909881592, 6.878809928894043, 6.988155364990234, 6.9059929847717285, 6.921161651611328, 6.926697254180908, 6.842534065246582, 6.97675895690918, 6.841832637786865, 6.856461524963379, 6.906066417694092, 6.8715128898620605, 6.933049201965332, 6.845734596252441, 6.914373397827148, 6.865324020385742, 6.935512065887451, 6.876791954040527, 6.862502098083496, 6.895318508148193, 6.9013752937316895, 6.873263359069824, 6.940948486328125, 6.858278751373291, 6.816436767578125, 6.855465888977051, 6.995888710021973, 6.786482810974121]",6.891348838806152,6.769721984863281
40,"[-1.0037082433700562, -0.7791919708251953, -0.8661314249038696, -0.8166489601135254, -0.6647253036499023, -0.9293071031570435, -0.7647448182106018, -0.7710608243942261, -0.840256929397583, -0.8780533075332642, -0.9638194441795349, -0.837273120880127, -0.6084781289100647, -0.948054313659668, -0.5394043922424316, -0.9343922138214111, -0.9679594039916992, -0.9393643140792847, -0.8777552843093872, -0.7857753038406372, -0.9549899697303772, -0.716625452041626, -0.5346618890762329, -0.9941099882125854, -0.5967634916305542, -0.916520357131958, -0.7092549204826355, -0.5001376867294312, -1.061955213546753, -0.7117257118225098, -0.6998436450958252, -0.26535704731941223]","[6.96155309677124, 6.907593727111816, 6.975203514099121, 6.925568580627441, 6.870830059051514, 6.814672470092773, 6.93911600112915, 6.887887001037598, 6.943102836608887, 6.868945598602295, 6.947625160217285, 6.882687568664551, 6.910394668579102, 6.973830223083496, 6.833229064941406, 6.893385410308838, 6.849740982055664, 6.873937129974365, 6.912900924682617, 6.841575622558594, 6.836501121520996, 6.836124420166016, 6.954370975494385, 6.897429466247559, 6.871186256408691, 6.913196086883545, 6.870859146118164, 6.877414226531982, 6.949168682098389, 6.859981060028076, 6.828620433807373, 6.954033851623535]",6.894309043884277,6.7264509201049805
41,"[-0.6026572585105896, -1.0691771507263184, -0.7239267826080322, -0.965812087059021, -0.9773833751678467, -0.9702418446540833, -0.884962797164917, -0.9939420223236084, -0.9816033840179443, -0.8914026021957397, -1.0151441097259521, -0.741940975189209, -0.8595265746116638, -0.8716275691986084, -0.770154595375061, -0.7825607061386108, -1.0038807392120361, -1.1160800457000732, -0.9307703375816345, -1.047813892364502, -0.7497410774230957, -0.740445613861084, -0.5311844348907471, -0.981855034828186, -0.8544720411300659, -0.7448638677597046, -0.9298690557479858, -1.0206235647201538, -1.1205661296844482, -0.9706555604934692, -0.8891361951828003, -0.9269717931747437]","[6.820669174194336, 6.888790130615234, 6.800987243652344, 6.916711330413818, 6.941520690917969, 6.917601585388184, 6.879650115966797, 6.889021873474121, 6.911765098571777, 6.916475296020508, 6.902443885803223, 6.860064506530762, 6.916526794433594, 6.83204984664917, 6.8645429611206055, 6.851662635803223, 6.982339859008789, 6.844992637634277, 6.9381279945373535, 6.888660430908203, 6.83444881439209, 6.848891735076904, 6.851896286010742, 6.884199142456055, 6.846757888793945, 6.806034564971924, 6.887117385864258, 6.8759613037109375, 6.794759273529053, 6.861033916473389, 6.8501763343811035, 6.939899444580078]",6.874907493591309,6.75393533706665
42,"[-0.6766560077667236, -0.6229597926139832, -0.8398215770721436, -1.0247251987457275, -0.788993239402771, -0.8792113065719604, -0.9211301207542419, -0.9163228273391724, -0.7898350954055786, -0.7006062865257263, -0.9439460635185242, -0.9107667803764343, -1.0048748254776, -0.7734540700912476, -0.8521738052368164, -0.8903409242630005, -0.6854150295257568, -0.6659132838249207, -0.5924492478370667, -0.7600140571594238, -0.9454047083854675, -0.4585968852043152, -0.7407145500183105, -0.7789063453674316, -0.48064273595809937, -0.6044557690620422, -0.685038685798645, -0.6690998673439026, -0.6341293454170227, -0.8694472908973694, -0.9231372475624084, -0.5542333126068115]","[6.948175430297852, 6.934237480163574, 6.879003524780273, 6.839184284210205, 6.964347839355469, 6.842992782592773, 6.902973651885986, 6.8576979637146, 6.918606281280518, 6.875051498413086, 6.832191467285156, 6.813199043273926, 6.805403709411621, 6.89238977432251, 6.8424072265625, 6.780936241149902, 6.854539394378662, 6.867765426635742, 6.862504959106445, 6.734729766845703, 6.903736114501953, 6.822074890136719, 6.875025749206543, 6.794731140136719, 6.800332546234131, 6.826436996459961, 6.832179069519043, 6.841423034667969, 6.8953657150268555, 6.95401668548584, 6.836332321166992, 6.692750930786133]",6.857701778411865,6.7486701011657715
43,"[-0.9659011960029602, -0.6816153526306152, -0.6518086791038513, -0.7331564426422119, -0.624525785446167, -0.7513040900230408, -0.7811316847801208, -0.7933773398399353, -0.877468466758728, -0.7329790592193604, -0.610393762588501, -0.8079419136047363, -0.6877819299697876, -0.7452385425567627, -0.646803081035614, -0.4163864850997925, -0.9408127069473267, -0.9070206880569458, -0.7270352244377136, -0.876530647277832, -1.079146146774292, -1.1112679243087769, -0.8523129820823669, -0.9252392053604126, -0.7403653860092163, -0.668327271938324, -0.8545892238616943, -0.5719865560531616, -0.2133370041847229, -0.6390910148620605, -0.699865460395813, -0.8696099519729614]","[6.822782516479492, 6.788514137268066, 6.732064247131348, 6.779898643493652, 6.864800453186035, 6.868687629699707, 6.845048904418945, 6.865625381469727, 6.803874969482422, 6.797723770141602, 6.876540660858154, 6.892003059387207, 6.86990213394165, 6.91981315612793, 6.835035800933838, 6.833434581756592, 6.919580936431885, 6.830005645751953, 6.83137321472168, 6.857715606689453, 6.8315277099609375, 6.88023567199707, 6.834284782409668, 6.884390830993652, 6.86656379699707, 6.851771354675293, 6.8932929039001465, 6.87626838684082, 6.810851097106934, 6.781853199005127, 6.803278923034668, 6.851382732391357]",6.843570709228516,6.741831302642822
44,"[-0.933795690536499, -0.6248884797096252, -0.9915149211883545, -0.574521541595459, -0.672816276550293, -0.554542064666748, -0.830457866191864, -0.5865554809570312, -0.8459205627441406, -0.9312418699264526, -0.8966270089149475, -0.9233717918395996, -0.9146295785903931, -1.019827961921692, -0.716162383556366, -1.133828043937683, -0.9290671348571777, -0.4329807162284851, -0.7508233785629272, -0.8747648596763611, -0.698806881904602, -0.5820053219795227, -0.9477581977844238, -0.7140591144561768, -0.5275284647941589, -0.9426146745681763, -0.7409289479255676, -0.7875425219535828, -0.9780907034873962, -0.7066433429718018, -0.7607470750808716, -0.8349707722663879]","[6.807518482208252, 6.896621227264404, 6.938882827758789, 6.803513526916504, 6.732006072998047, 6.877379417419434, 6.903346061706543, 6.78239631652832, 6.778240203857422, 6.857424736022949, 6.869389533996582, 6.812900066375732, 6.852290153503418, 6.870242595672607, 6.840888023376465, 6.845297813415527, 6.896167755126953, 6.851039886474609, 6.772959232330322, 6.896068096160889, 6.813811302185059, 6.836506366729736, 6.884482383728027, 6.832354545593262, 6.834695339202881, 6.788969993591309, 6.904915809631348, 6.866921424865723, 6.916485786437988, 6.804970741271973, 6.789698600769043, 6.912198066711426]",6.844366550445557,6.754568576812744
45,"[-0.8922183513641357, -0.782102108001709, -0.9496371746063232, -0.695512592792511, -0.8202524781227112, -0.6181083917617798, -0.6664344072341919, -0.6061512231826782, -0.6475578546524048, -0.6378649473190308, -0.6519108414649963, -0.8483535647392273, -0.7115973234176636, -0.5675227046012878, -0.6610561013221741, -0.6652281880378723, -0.6869012713432312, -0.5917909741401672, -0.6482568979263306, -0.6822962164878845, -0.5641360282897949, -0.7029364109039307, -0.6276931762695312, -0.6372995972633362, -0.6750430464744568, -0.5179704427719116, -0.5134533047676086, -0.6807544231414795, -0.6378642916679382, -0.7086712121963501, -0.74869704246521, -1.273844599723816]","[6.88068962097168, 6.8412322998046875, 6.826208114624023, 6.742780685424805, 6.845396041870117, 6.852517127990723, 6.8713483810424805, 6.782827377319336, 6.842474937438965, 6.823904037475586, 6.769962310791016, 6.829026222229004, 6.865665912628174, 6.828520774841309, 6.863168716430664, 6.888157844543457, 6.796727180480957, 6.8622894287109375, 6.88197135925293, 6.822520732879639, 6.8827805519104, 6.84346866607666, 6.779603481292725, 6.8109540939331055, 6.776848316192627, 6.799529075622559, 6.797515392303467, 6.808968544006348, 6.830836772918701, 6.719277381896973, 6.855518341064453, 6.936659812927246]",6.827419757843018,6.735987663269043
46,"[-0.7846272587776184, -0.8779928684234619, -0.6400437355041504, -0.9767042398452759, -0.8247653245925903, -0.4936910569667816, -0.8550648093223572, -0.8157860040664673, -0.8445789813995361, -0.7890269160270691, -0.4936842620372772, -0.6958602666854858, -0.4942629933357239, -0.7479655146598816, -0.803138256072998, -0.49952805042266846, -0.7563962936401367, -0.7900831699371338, -0.6137261390686035, -0.7558916807174683, -0.7096031904220581, -0.36312776803970337, -0.6659077405929565, -0.7740891575813293, -0.8548588156700134, -0.829594075679779, -0.7407858371734619, -0.7457593083381653, -0.8184882402420044, -0.8417201042175293, -0.6926047801971436, -0.553930938243866]","[6.806713104248047, 6.854921817779541, 6.8312554359436035, 6.832635402679443, 6.838683605194092, 6.835045337677002, 6.841797351837158, 6.84989070892334, 6.831025123596191, 6.8038859367370605, 6.875295162200928, 6.861851215362549, 6.857622146606445, 6.777276992797852, 6.828246116638184, 6.825494289398193, 6.799625396728516, 6.8343000411987305, 6.877756118774414, 6.8497185707092285, 6.860296249389648, 6.723985195159912, 6.808526515960693, 6.788702011108398, 6.863223552703857, 6.788565635681152, 6.80843448638916, 6.842780113220215, 6.798213005065918, 6.8751420974731445, 6.705558776855469, 6.744557857513428]",6.824403762817383,6.707613945007324
47,"[-0.6464529633522034, -0.5922836065292358, -0.5755083560943604, -0.7466931939125061, -0.7353954315185547, -0.7818978428840637, -0.9102166891098022, -0.7146266102790833, -0.6368207335472107, -0.9726071357727051, -0.5610002279281616, -0.8194535970687866, -0.9981818199157715, -0.8010704517364502, -0.919888973236084, -0.7459209561347961, -0.5443437099456787, -0.9767167568206787, -0.9534901976585388, -0.6360272765159607, -0.7741575241088867, -0.7631048560142517, -0.7405247688293457, -0.46926960349082947, -0.8941640853881836, -0.6807507276535034, -0.7761852741241455, -0.7070940732955933, -0.6104980707168579, -0.764574408531189, -0.6691060066223145, -0.7690520286560059]","[6.891923904418945, 6.7364349365234375, 6.810292720794678, 6.887189865112305, 6.833580017089844, 6.821567535400391, 6.83975076675415, 6.844659328460693, 6.7358574867248535, 6.868697166442871, 6.823203086853027, 6.8611955642700195, 6.863255500793457, 6.85209321975708, 6.89644718170166, 6.8386383056640625, 6.788728713989258, 6.749751091003418, 6.749056816101074, 6.843709945678711, 6.806216239929199, 6.79281759262085, 6.868742942810059, 6.836739540100098, 6.875539779663086, 6.776187896728516, 6.870581150054932, 6.8378095626831055, 6.70418119430542, 6.788620471954346, 6.76950740814209, 6.889953136444092]",6.821934700012207,6.694248199462891
48,"[-0.6050740480422974, -0.6610286831855774, -0.6827441453933716, -0.6866511106491089, -0.8386791944503784, -0.735670268535614, -0.7154672741889954, -0.9882657527923584, -0.48841333389282227, -0.906619131565094, -0.9162905216217041, -0.7479013204574585, -0.989740252494812, -0.5437250733375549, -0.7715633511543274, -0.7084277868270874, -0.8672565221786499, -0.8590407967567444, -0.7674804925918579, -1.0482027530670166, -0.5554776191711426, -0.6652194261550903, -0.9005007743835449, -0.9396940469741821, -0.8935555219650269, -0.7716790437698364, -0.4380372166633606, -0.8565613031387329, -0.8960397243499756, -1.0121238231658936, -0.9060099124908447, -1.1461471319198608]","[6.779120445251465, 6.781470775604248, 6.793336868286133, 6.760130882263184, 6.826014518737793, 6.8146538734436035, 6.789285659790039, 6.827816009521484, 6.779284954071045, 6.787003517150879, 6.840627670288086, 6.790757656097412, 6.885024070739746, 6.893091201782227, 6.841475486755371, 6.7617902755737305, 6.841967582702637, 6.7451276779174805, 6.752076148986816, 6.80185604095459, 6.822562217712402, 6.84139347076416, 6.848048210144043, 6.714768886566162, 6.727368354797363, 6.8502984046936035, 6.8413615226745605, 6.762751579284668, 6.819574356079102, 6.814938545227051, 6.799617290496826, 6.784893989562988]",6.804186820983887,6.7107648849487305
49,"[-1.2416722774505615, -0.5447463393211365, -0.9373672008514404, -0.7443814277648926, -0.7148833274841309, -0.6542153358459473, -0.7583187818527222, -0.8690993785858154, -0.7461947798728943, -0.7089536190032959, -0.899085283279419, -0.5582221746444702, -0.8493639826774597, -0.8002182245254517, -1.012133002281189, -0.9708265066146851, -0.810712456703186, -0.6502392292022705, -1.0765999555587769, -0.785545825958252, -0.7048588991165161, -0.5738487839698792, -0.6429380774497986, -0.6340210437774658, -0.916527271270752, -0.8679525852203369, -0.7375853061676025, -0.6208869814872742, -0.6130630970001221, -0.8169628381729126, -0.6019750237464905, -1.0932743549346924]","[6.842755317687988, 6.798770904541016, 6.850343704223633, 6.794184684753418, 6.871028900146484, 6.798455715179443, 6.802978515625, 6.8396148681640625, 6.827672958374023, 6.8055830001831055, 6.760922431945801, 6.887228012084961, 6.8164215087890625, 6.863417148590088, 6.859119415283203, 6.800077438354492, 6.743885040283203, 6.761194229125977, 6.860713005065918, 6.862539291381836, 6.809939861297607, 6.725773811340332, 6.850310802459717, 6.7931365966796875, 6.799043655395508, 6.893603324890137, 6.8227739334106445, 6.7901716232299805, 6.764828681945801, 6.703572750091553, 6.822644233703613, 6.7216691970825195]",6.812899589538574,6.681272506713867
